nombre,nit,nombreAdministrador
1,Shae,Vasyukov
2,Perl,Buist
3,Robyn,Gitsham
4,Obie,Grim
5,Damara,Lindmark
6,Zacherie,Ranson
7,Danny,Jovis
8,Astrix,Dudman
9,Aldin,Torres
10,Robbi,Armall
11,Grantham,Smoth
12,Grantley,Stonnell
13,Jordana,Sickling
14,Eziechiele,Tadgell
15,Zonnya,Dulson
16,Karilynn,Medford
17,Teodoor,Crabtree
18,Avram,Highman
19,Griswold,McElory
20,Audrey,Girt
21,Stephanie,Millea
22,Cicely,Berndsen
23,Patin,Lukasen
24,Ernest,Camois
25,Baillie,Bushell
26,Cord,Hobbing
27,Cecily,Bittlestone
28,Tynan,Rochelle
29,Saunder,Francesc
30,Erin,Gerran
31,Madelina,Donneely
32,Bab,Tingley
33,Tildi,Dallimare
34,Heddie,Goalby
35,Jereme,Haggie
36,Jerrilee,Hennington
37,Penni,Bronot
38,Ninette,Yanez
39,Thorstein,Balfour
40,Terence,Boow
41,Frazier,Vautre
42,Skye,Chate
43,Suzanna,Latter
44,Rosaleen,Ritchman
45,Ranice,Trulocke
46,Carolee,Willoughway
47,Marie-ann,Lukianov
48,Marina,Gealy
49,Annalise,Leadbetter
50,Neron,Yardley
51,Morly,Hebner
52,Art,Forsdicke
53,Rurik,McGing
54,Reginauld,Lenglet
55,Wayne,Gotmann
56,Kaycee,Potts
57,Remington,Speirs
58,Janot,Knocker
59,Cathrine,Skoggins
60,Melitta,Kirsopp
61,Pate,Gillbe
62,Lesly,Gebhard
63,Fritz,Rambaut
64,Jaimie,Jagoe
65,Renard,Pifford
66,Percival,Nare
67,Cesare,Onge
68,Judith,Siaskowski
69,Jerad,Dunkley
70,Dorthea,Showler
71,Kirby,McNay
72,Chastity,Plum
73,Annamaria,Rawlings
74,Arturo,Shuxsmith
75,Fannie,Jendrusch
76,Had,Leigh
77,Zeke,Chasteau
78,Gilemette,Dobbings
79,Leigh,Foote
80,Torrie,Aubury
81,Annecorinne,Clines
82,Woodman,Liebrecht
83,Gayler,Simenet
84,Trescha,Knibley
85,Rosalyn,Hudspeth
86,Leigh,Malkin
87,Reine,Balding
88,Linoel,De Cruze
89,Quinta,Wathen
90,Ezmeralda,Berkelay
91,Ximenes,Jose
92,Mortimer,Gouth
93,Crystie,Lanahan
94,Witty,O'Leagham
95,Carlin,Chaff
96,Colly,Keld
97,Porty,Vargas
98,Evered,Folland
99,Tynan,Lowery
100,Venus,Markey
101,Miguela,Codd
102,Shani,Grishanov
103,Louella,Thams
104,Lela,Cossey
105,Corilla,Kingsman
106,Gradey,Kaiser
107,Massimo,McDuffie
108,Tildie,Bahike
109,Temple,Cords
110,Paten,Cirlos
111,Wye,Baynham
112,Elisabeth,Bech
113,Garreth,Spellecy
114,Iolanthe,Grisenthwaite
115,Koren,Clausner
116,Belvia,Wadsworth
117,Suzanne,Beckley
118,Nessi,Featherstonhaugh
119,Cly,McGarvey
120,Berri,Waye
121,Monti,Wellfare
122,Kalila,Kochel
123,Jordon,Comi
124,Case,Arnell
125,Delainey,Terron
126,Joni,Wedderburn
127,Deanna,Hupka
128,Standford,Dictus
129,Raychel,Towner
130,Janet,Halfhyde
131,Krystyna,Kimmins
132,Felix,Simoncello
133,Denney,Osbourne
134,Delainey,Menauteau
135,Denise,Fernanando
136,Minetta,Have
137,Federica,Lindback
138,Brennan,Preddy
139,Samaria,Corzon
140,Livvie,Basilio
141,Lana,Leatherbarrow
142,Alfy,MacCahey
143,Craggie,Evelyn
144,Harbert,Dougan
145,Ferdie,Bonhill
146,Anya,Trevallion
147,Cristionna,Schoenfisch
148,Simmonds,Grichukhanov
149,Marc,Braemer
150,Rosalinda,Tant
151,Karin,Benitti
152,Prudence,McLagain
153,Guthrey,Kilcullen
154,Zedekiah,Saunier
155,Madelena,Ivanyukov
156,Sandra,Teissier
157,Bowie,Arney
158,Burk,Krates
159,Willetta,McMurrugh
160,Arie,Collicott
161,Fanya,Letixier
162,Kathi,McCrea
163,Althea,Spraging
164,Farah,Mourant
165,Loreen,Tourner
166,Sunshine,Marguerite
167,Ros,Bance
168,Gunilla,Kehoe
169,Angie,Ivain
170,Emilio,Hatwells
171,Rosalinda,Ruckhard
172,Janaye,Anthes
173,Amitie,Melbourn
174,Emalee,O'Toole
175,Corabelle,Van Ross
176,Constantia,McClary
177,Gabe,Ladel
178,Russ,MacNalley
179,Rosalia,Pummery
180,Electra,Corbie
181,Nariko,Howatt
182,Friedrich,Songust
183,Filide,Coon
184,Janeva,Polye
185,Cassaundra,Bouts
186,Janine,de Lloyd
187,Pooh,Mears
188,Donia,Kerss
189,Lothaire,Tasseler
190,Northrop,Skase
191,Tabbatha,McKinstry
192,Frankie,Pippin
193,Dorene,Stainfield
194,Benedicto,Causley
195,Wandie,Climpson
196,Marj,Waiton
197,Zelig,Durdy
198,Letti,De Hoogh
199,Sherie,Crowne
200,Camella,Mander
201,Trisha,Styche
202,Zed,Stafford
203,Ford,Cabrara
204,Olag,Whate
205,Annalise,Coolahan
206,Sybille,Knoble
207,Ardene,Elloy
208,Stern,Marks
209,Teresina,Maiden
210,Lindsey,Ferbrache
211,Cindy,Leach
212,Dana,Portis
213,Padraig,Djuricic
214,Carlina,Cockshut
215,Nettle,Dongall
216,Erl,Zannelli
217,Torrey,Ondrak
218,Kamillah,Shuttle
219,Farly,Crewe
220,Ferguson,Rettie
221,Kristin,Wicher
222,Mignon,Yuranovev
223,Loralee,Phizackerly
224,Guillermo,Dorman
225,Adelina,Hynson
226,Nerty,Raynard
227,Wini,Spohrmann
228,Hetty,Cadagan
229,Dael,Ottosen
230,Fanni,Slack
231,Truman,Stains
232,Constancia,Leasor
233,Yorgo,Scherme
234,Maryjane,Piechnik
235,Wilie,Iannini
236,Rosalinda,Kitchenside
237,Shell,Barth
238,Roderick,Sharrier
239,Tierney,Gasken
240,Hollis,Fronsek
241,Charlie,Pervoe
242,Halsey,Attlee
243,Lanita,Tufts
244,Corri,Prue
245,Erl,McIlrath
246,Garik,Barrar
247,Inger,Pierce
248,Oralee,De Andisie
249,Chick,McGlashan
250,Knox,Dandie
251,Vanya,Mauchlen
252,Haywood,Quade
253,Lorianne,Beldum
254,Jorgan,Dietz
255,Udall,Pettit
256,Rodolph,Fenwick
257,Rhodia,Kerman
258,Elle,Farington
259,Salomon,Gary
260,Ewan,Bilham
261,Gannie,Sparkwell
262,Hunter,Andraud
263,Jackie,Matyashev
264,Cosette,Chaves
265,Olivie,Long
266,Lara,Malcher
267,Kelci,Mushet
268,Jere,Bodycote
269,Woodie,Espinel
270,Dulce,Train
271,Rory,Dubbin
272,Esra,Shinton
273,Kathie,Snipe
274,Bren,Beeck
275,Essie,Farquhar
276,Octavius,Calfe
277,Lindy,Mowat
278,Harlen,Lenney
279,Cassie,Glanz
280,Chery,Poe
281,Marijn,Sattin
282,Candace,Tombleson
283,Mitchell,Bawdon
284,Abraham,Constanza
285,Tressa,D'Costa
286,Gertruda,Rawstorne
287,Avivah,Edelheid
288,Noemi,Glave
289,Anna-diane,Yeudall
290,Minetta,Bracknall
291,Antoinette,Pidgen
292,Floris,Eastby
293,Inglebert,Parvin
294,Colline,Girth
295,Emlynn,Mistry
296,Shaylyn,Cardis
297,Lowrance,Britee
298,Wilbur,Sharple
299,Fancie,Kienl
300,Fin,Johnston
301,Bernhard,Searchwell
302,Bartlet,Few
303,Moyna,Spino
304,Charlene,Rosenthaler
305,Beatriz,Biddlecombe
306,Walden,Cathro
307,Stesha,Klaffs
308,Benjamin,Root
309,Pacorro,Tillot
310,Cassie,Swaddle
311,Merola,Macbeth
312,Nicola,Ketchell
313,Kerianne,Burgwyn
314,Zena,Ruben
315,Mikel,Poynter
316,Bent,Cuniam
317,Ninetta,Lamanby
318,Bibi,Bloschke
319,Alexine,Dendon
320,Marla,Glacken
321,Normand,Turbern
322,Daloris,Cawthery
323,Wolfy,Filisov
324,Liam,Bermingham
325,Corliss,Millins
326,Cyndy,Adshede
327,Faber,Brauninger
328,Jessy,Swafford
329,Doloritas,Hann
330,Jourdain,Marlen
331,Jasmin,Boch
332,Ingaberg,Stiger
333,Nicolais,Lloyd-Williams
334,Janina,Foord
335,Car,Rosewell
336,Pattie,Malmar
337,Pier,Ubsdell
338,Sylvester,Abrahams
339,Rolfe,Bedell
340,Liuka,De Simone
341,Norina,Henrot
342,Kevan,Trigwell
343,Corrina,Falls
344,Blair,Tinto
345,Jessey,Fleming
346,Griswold,Ollington
347,Arlie,Gouly
348,Myrilla,Warlaw
349,Nessa,Potapczuk
350,Rosabel,Baumann
351,Theresa,Jopke
352,Cullan,Banville
353,Amberly,Elgram
354,Janey,Care
355,Bettye,Shellsheere
356,Britt,Harkin
357,Giovanni,Ruberti
358,Frederico,Sawyer
359,Ofilia,Yoell
360,Nadeen,Hariot
361,Natassia,Stenners
362,Marrilee,Boman
363,Nelie,Borne
364,Hanan,Alti
365,Phylis,Cowap
366,Andria,Roath
367,Gypsy,Pauly
368,Ammamaria,Del Checolo
369,Hamilton,Mallebone
370,Coletta,Kelcey
371,Rivkah,Brobak
372,Welsh,Windrus
373,Audry,Leate
374,Jordana,Gepp
375,Henrietta,Cucuzza
376,Shanon,Lowin
377,Thorn,Fanshawe
378,Elana,Khidr
379,Ezekiel,Shepherdson
380,Cindie,Karlik
381,Peggi,Robens
382,Gerladina,Janson
383,Jethro,Ridger
384,Aeriela,Inkster
385,Thurston,Schimke
386,Germain,Frankish
387,Byran,Pickervance
388,Freemon,Skillman
389,Lucinda,Hugland
390,Kiri,Capes
391,Queenie,Olivey
392,Violet,Noli
393,Juliann,Lorek
394,Michelle,Laste
395,Marmaduke,Bruff
396,Chiarra,Idill
397,Alphonso,Pinnion
398,Hatty,Ainscow
399,Jonah,Powrie
400,Abram,Yitzhakof
401,Bearnard,McKendry
402,Austina,Hefforde
403,Nat,Hodgets
404,Bax,Eastman
405,Ange,Roffey
406,Amandie,Darby
407,Brandy,Oldland
408,Hadrian,Speakman
409,Benson,Gillet
410,Gabbi,Bracken
411,Obie,Learoid
412,Maxine,Hacksby
413,Willy,Fawlkes
414,Morris,Batter
415,Valera,Giblett
416,Martino,Novill
417,Luciano,Bonifazio
418,Gavrielle,Filipychev
419,Dav,Rummer
420,Christalle,Rotlauf
421,Norrie,Barfford
422,Izaak,Turbitt
423,Ingmar,Grindley
424,Drusie,Tunnacliffe
425,Johnnie,Allery
426,Burty,MacDunleavy
427,Lucienne,Fetherstonhaugh
428,Eduino,Teanby
429,Jed,Thorius
430,Waring,Sigmund
431,Sheilah,Iorillo
432,Nefen,Teague
433,Philis,Woehler
434,Boycie,Hathaway
435,Ross,Newis
436,Shepherd,Antonacci
437,Stearne,Lacroutz
438,Sheilakathryn,Douche
439,Hildagarde,Natte
440,Ana,Gratten
441,Candi,Alty
442,Bernice,Golston
443,Perla,Sharp
444,Rivkah,Kirkland
445,Myrtie,Copp
446,Zared,Armell
447,Silva,Lappine
448,Vivien,McTerlagh
449,Dunstan,Fearon
450,Arabella,Jeacop
451,Xena,Lidgard
452,Winonah,Tomasek
453,Pauline,Powland
454,Hedwig,Taffarello
455,Brucie,Skirlin
456,Egon,Jeeves
457,Lazarus,Lakes
458,Karen,von Nassau
459,Beverly,Mazella
460,Eugenius,Cure
461,Micheline,Lorand
462,Carolee,Fugere
463,Felisha,Gierck
464,Crawford,Schelle
465,Friederike,Humblestone
466,Sapphire,Ronci
467,Cobby,Gemlett
468,Deonne,Jackson
469,Adelheid,Dalgarnocht
470,Abran,Degoe
471,Tanhya,Croney
472,Claudette,Hefferan
473,Alvie,Hartzogs
474,Bronnie,Canaan
475,Rudy,Mochar
476,Silvie,Wyatt
477,Missy,Roderighi
478,Isidoro,Peto
479,Orran,Bonner
480,Irving,Ambrosetti
481,Martina,Fri
482,Haily,Gainsboro
483,Geoff,Bourbon
484,Der,Antunes
485,Tamma,Stannering
486,Zacharia,Flamank
487,Koren,Cuberley
488,Gale,Ogilvie
489,Regan,Barling
490,Traci,Abdee
491,Paola,Coyne
492,Dore,Del Monte
493,Lucila,Gery
494,Editha,Danieli
495,Lane,Hyslop
496,Andrea,Hollow
497,Wini,Bristoe
498,Asia,Gubbin
499,Shelley,Punchard
500,Pierre,Chessill
501,Raimondo,Garrood
502,Teodoro,Aspall
503,Ozzie,Cashmore
504,Doralynn,McIntee
505,Ynes,Treadgold
506,Corry,Wooff
507,Che,Caddens
508,Jobyna,Esgate
509,Jessica,Colisbe
510,Leighton,Rickert
511,Lawry,Berkowitz
512,Desdemona,Anthoine
513,Othella,Davy
514,Ruth,Greser
515,Dorry,Coombs
516,Jessalyn,Fifoot
517,Herold,Neubigging
518,Mabel,Donhardt
519,Shelden,Lauxmann
520,Eve,Haw
521,Will,Lucchi
522,Alvina,Harburtson
523,Mareah,Carlino
524,Pall,Elesander
525,Johnette,Moller
526,Kori,Munks
527,Josh,Barlthrop
528,Kaia,Gonnet
529,Geri,Sennett
530,Israel,Linnitt
531,Riley,Clapperton
532,Noll,Garrioch
533,Olivia,Dugdale
534,Konrad,Knappett
535,Rustie,Jowsey
536,Gun,Stivers
537,Berti,Orrice
538,Dwight,Abramow
539,Randie,Shobrook
540,Javier,Shurrock
541,Ancell,Hayselden
542,Rollins,Padefield
543,Krissy,Albin
544,Burtie,Hammerstone
545,Joyan,Giffard
546,Ambur,Bernardeau
547,Percy,Stennett
548,Wainwright,Kirdsch
549,Sim,MacAlester
550,Lindon,Borlease
551,Phil,Evelyn
552,Elene,Guinnane
553,Zack,Travis
554,Carmita,Layzell
555,Daveta,Yepiskopov
556,Romy,Coleborn
557,Lauree,Brixey
558,Sansone,Gockeler
559,Mathilde,Kinchley
560,Carmella,O'Sesnane
561,Joice,Mottram
562,Althea,Reinert
563,Fidela,Mulqueeny
564,Fianna,Wegener
565,Carley,Erwin
566,Erl,Cisneros
567,Kat,Rowdell
568,Baron,Thonason
569,Devonna,Helkin
570,Mirabella,Palfreman
571,Nari,Otter
572,Meaghan,Gianelli
573,Jared,Hacker
574,Marcello,Dinning
575,Lorraine,McElory
576,Cooper,Gourley
577,Babara,Dodgshon
578,David,Lundy
579,Jessie,Inskipp
580,Osmund,Gothup
581,Ysabel,Bambury
582,Lucine,Yegoshin
583,Benn,Summerson
584,Winne,Aronow
585,Van,Adriano
586,Britta,Jeduch
587,Blair,Bassil
588,Mehetabel,Boyse
589,Isabel,Muslim
590,Vivyanne,Campaigne
591,Orville,Greasley
592,Lionello,Drain
593,Noemi,Budnik
594,Vinny,Slopier
595,Stan,Stuckes
596,Tabbi,Thayre
597,Gene,Linck
598,Belvia,O'Concannon
599,Jozef,Bugbird
600,Elise,Burleigh
601,Lilyan,Baskwell
602,Larry,Bastie
603,Onofredo,Durnell
604,Vania,Corry
605,Bambie,Kilalea
606,Kristyn,Goneau
607,Karla,Odeson
608,Ulrica,Condie
609,Alard,Dominiak
610,Prentiss,Dawidowitsch
611,Gilberte,Franzonetti
612,Bowie,Challiner
613,Sasha,Hessenthaler
614,Editha,Ausello
615,Filberto,Marusik
616,Tildie,Souley
617,Paula,MacAdie
618,Gibby,Blasl
619,Travis,Mollett
620,Aloysia,Dauber
621,Prince,Woloschin
622,Bernard,Syncke
623,Bucky,Ruppertz
624,Adi,Fullagar
625,Marcellus,Sekulla
626,Arty,Staker
627,Jennica,Gahan
628,Byran,Kinneally
629,Jaymie,Tuxsell
630,Sadie,L'Homme
631,Norma,Urrey
632,Olag,Halpine
633,Devinne,Ceschelli
634,Orton,Scholtz
635,Kip,Greenset
636,Bea,Jenson
637,Susannah,Stanning
638,Dredi,Ginnane
639,Conrad,Hegerty
640,Gary,Boyce
641,Spenser,De Ruggero
642,Cornell,Campey
643,Madonna,Beebe
644,Scarlett,Oleshunin
645,Sydel,Slamaker
646,Sloan,Barthrup
647,Alvinia,Keel
648,Dorey,Donnison
649,Bamby,Kinsella
650,Gabe,Rutland
651,Charmian,Pinn
652,Jackqueline,Sanchiz
653,Serge,Bolderstone
654,Adelaida,Duthie
655,Tamarra,Ivanenko
656,Yuri,Coatham
657,Gerrard,Varcoe
658,Benjie,Beadel
659,Lindy,Stilgo
660,Gwen,Wyles
661,Ashien,Gullen
662,Sharla,Mathes
663,Aron,Risby
664,Xenia,Gormley
665,Mart,Scouse
666,Pinchas,Maken
667,Sherline,Matus
668,Emmaline,Elsbury
669,Brent,Sloyan
670,Andonis,Seabourne
671,Eugen,McDougle
672,Raynard,Gilson
673,Ulrike,Punshon
674,Fritz,Yerlett
675,Johnathan,Waine
676,Margaretta,Storr
677,Rosabelle,Orable
678,Tad,Piperley
679,Harald,McPake
680,Katharina,Elleray
681,Deina,Cookes
682,Lilias,Georgiev
683,Lanita,Uppett
684,Skelly,Crosby
685,Mira,Knoton
686,Stanley,Loach
687,Bengt,Klemencic
688,Ignacio,Muge
689,Germaine,Putton
690,Rog,Raffles
691,Valery,Castelli
692,Guthry,Goodred
693,Tildi,Jordine
694,Kania,Roofe
695,Barbabra,Maundrell
696,Rodolfo,Sparry
697,Vidovik,Guillou
698,Sib,Houtby
699,Florinda,Phillis
700,Hayward,Ryall
701,Pierette,Lewendon
702,Eldridge,Mottini
703,Lynnelle,Windybank
704,Mahala,Marshman
705,Sallee,Dracksford
706,Cameron,Makinson
707,Holmes,Jackes
708,Hinda,Paik
709,Nester,De Matteis
710,Shellysheldon,Davidow
711,Jillie,Linnock
712,Rina,Barnshaw
713,Lona,Dellar
714,Jerri,Dyton
715,Minda,Feldhammer
716,Kanya,Loughan
717,Rhodia,Thiolier
718,Linnea,Kincaid
719,Garrick,Story
720,Sylvester,Ranald
721,Alisun,Studdard
722,Paola,Stourton
723,Arlee,Rief
724,Salomon,Pridden
725,Julietta,Swin
726,Griswold,Chinn
727,Katherine,Rosson
728,Giulia,Abram
729,Allis,Downer
730,Manya,Ealam
731,Peggy,Ewenson
732,Jayne,Syddall
733,Thurston,Cafferky
734,Branden,Whitehouse
735,Lorilyn,Wigglesworth
736,Biddy,Baillie
737,Isabel,Di Filippo
738,Klemens,Lovat
739,Carver,Cressor
740,Shirl,Giorgione
741,Dorri,Filov
742,Garnet,Barense
743,Aloise,McArte
744,Chloette,Killerby
745,Hana,Murr
746,Elyn,Spelling
747,Oralla,Peperell
748,Marisa,Teulier
749,Elliot,Averay
750,May,Ewings
751,Vernon,Dungate
752,Wilburt,Durrance
753,Zeke,Sonier
754,Clyde,Temprell
755,Kamilah,Sellwood
756,Haleigh,Lantoph
757,Chelsey,Coronado
758,Lisetta,Marcoolyn
759,Reube,Slader
760,Bellina,Janca
761,Maddy,Skokoe
762,Tabby,Sealove
763,Glori,Camelli
764,Sherwin,Loverock
765,Fidelity,Scarlet
766,Hasty,Seacombe
767,Mae,Persse
768,Kimbra,Poller
769,Vevay,Bene
770,Guillema,Di Biasio
771,Nanci,Lardge
772,Eryn,Challis
773,Gram,Bewshire
774,Carolina,Cronchey
775,Kendall,Faunch
776,Belicia,MacFarland
777,Stanton,McKellar
778,Drusilla,Mawford
779,Cassy,Percy
780,Aldis,Reveley
781,Kiley,Jordeson
782,Bengt,Dudson
783,Kaiser,Doghartie
784,Shurwood,Axten
785,Barry,McInerney
786,Brandea,Vinter
787,Torr,Siggin
788,Rudiger,Cowill
789,Rosaleen,Freak
790,Jehanna,Merriton
791,Seka,Liverseege
792,Carlita,Tibbs
793,Melonie,Bolver
794,Bartolemo,Dumbelton
795,Patty,Briscam
796,Teirtza,Tant
797,Sharia,Prentice
798,Tom,Dencs
799,Gwenette,Petican
800,Alice,Somner
801,Gracia,Bonevant
802,Joy,Crips
803,Wilone,Holby
804,Judye,Flea
805,Kelwin,Millimoe
806,Elbertine,Harsent
807,Natalee,Hillam
808,Justinian,Bridge
809,Bethany,Game
810,Jerry,Millsap
811,Dunstan,Swiffan
812,Danna,Cadany
813,Aurie,Defew
814,Mira,Lorente
815,Isa,Broggini
816,Philippine,Cadany
817,Susanne,Gretton
818,Allin,Newcomb
819,Jilleen,Ghidetti
820,Mikey,Scrivener
821,Candy,Danaher
822,Salem,Gouley
823,Beulah,Gray
824,Alard,Sheber
825,Viviene,Escalante
826,Kippy,Hobbema
827,Waylan,Lantuffe
828,Codee,Desbrow
829,Garrett,Dumbreck
830,Selena,O'Kerin
831,Frieda,Boscott
832,Cathi,Connick
833,Roderigo,Lismer
834,Allyson,Larrosa
835,Marlena,Cestard
836,Hannis,Schrieves
837,Mata,O' Concannon
838,Kaye,Quoit
839,Inessa,Dumberell
840,Edna,Hurn
841,Kelcy,Hillen
842,Kendall,Becconsall
843,Marys,Ghilardini
844,Teri,Tinn
845,Prisca,Caldow
846,Malvina,Akred
847,Kayley,Wingeatt
848,Claudie,Weins
849,Lebbie,Cescotti
850,Gwyn,Dodworth
851,Heinrick,Flori
852,Chuck,Vigne
853,Demetra,Vigers
854,Robers,Gilloran
855,Julienne,Cradey
856,Janela,Dingsdale
857,Benn,Duinbleton
858,Fay,Crum
859,Xavier,Greenrod
860,Lara,Maccaddie
861,Elnore,Darrell
862,Gary,Wagerfield
863,Devonne,Gerbel
864,Zuzana,Laxe
865,Sheppard,Primarolo
866,Branden,Barkley
867,Malorie,MacCombe
868,Dame,Davidesco
869,Tamas,Hammarberg
870,Caryn,Wrate
871,Nerty,Lyddiard
872,Leland,MacVicar
873,Gabrielle,Pirozzi
874,Chen,Heisler
875,Merell,Hurles
876,Iris,Carruth
877,Mabelle,McConigal
878,Sigismund,MacIlory
879,Robin,Lipp
880,Amie,Cromblehome
881,Roderic,McErlaine
882,Creigh,Tiptaft
883,Foster,Cornew
884,Salli,Itzhak
885,Lloyd,Dulin
886,Jess,Gillogley
887,Abie,Antoons
888,Pedro,Kingsly
889,Joleen,Farnham
890,Bernice,O'Shea
891,Russ,Sutherel
892,Cherianne,Deaves
893,Alanna,todor
894,Elmore,Delgua
895,Ursula,Flude
896,Allyn,Autin
897,Noble,Crosland
898,Sterling,Skain
899,Jodi,Dilley
900,Cassie,Kittredge
901,Nikita,Hollyland
902,Wilbert,Ellicombe
903,Ange,Choupin
904,Noemi,Clarridge
905,Britteny,Landis
906,Ollie,Emmitt
907,Malissa,Ridgeway
908,Ed,Skoughman
909,Robbie,Spinige
910,Fabian,Bromehead
911,Essy,Accum
912,Levey,Jamson
913,Lamont,Keyzor
914,Lowrance,Ramsted
915,Ulysses,De La Haye
916,Mathias,Jatczak
917,Cammy,Ellicock
918,Kalie,Brideaux
919,Essy,Howley
920,Earvin,Epsly
921,Britt,Tremmel
922,Pryce,Tatterton
923,Maxim,Howling
924,Rochelle,Tregent
925,Colline,Sandison
926,Dierdre,Burnand
927,Gerri,Tingley
928,Raul,Keyser
929,Peter,Crosio
930,Thibaut,Cotman
931,Hetty,Jordan
932,Matelda,Gravy
933,Kelly,Leibold
934,Marylinda,Siddens
935,Ricoriki,Diwell
936,Claudia,Guerreau
937,Reidar,Viccary
938,Georgette,Llewellen
939,Allx,Ventam
940,Filbert,Scamwell
941,Norris,Halloran
942,Rikki,Fincher
943,Ollie,Caddie
944,Jocelin,Ivashintsov
945,Adriane,Goldston
946,Celisse,MacIlhagga
947,Orelie,Wolstencroft
948,Val,Lestrange
949,Kimberlyn,Clough
950,Daloris,Silversmid
951,Kaela,Knok
952,Leighton,Neasham
953,Terrel,Botterill
954,Joete,Borell
955,Thibaut,Goodie
956,Koressa,Rossiter
957,Gussy,Pevsner
958,May,Oertzen
959,Rubetta,Rowesby
960,Shelba,Terram
961,Margaretta,Bilton
962,Innis,Densham
963,Karin,Petrollo
964,Shane,Gothard
965,Ryon,Loges
966,Harrison,Blagden
967,Hall,Full
968,Filberte,Scholar
969,Melisse,Wholesworth
970,Hart,Lacase
971,Ethelred,Novakovic
972,Gillan,Harley
973,Iago,Hourstan
974,Cesare,Spottiswoode
975,Jarad,Fleming
976,Virgil,Pomeroy
977,Crawford,Broggini
978,Maryanna,Ovendale
979,Delmor,Cockcroft
980,Debra,Palfreyman
981,Orrin,Girardey
982,Gran,Shaul
983,Lilia,Fitt
984,Benny,McGannon
985,Elli,Durante
986,Karalynn,Gatherell
987,Philomena,Esh
988,Claude,Oley
989,Tessi,Karpets
990,Freda,Crosby
991,Mareah,Castagnaro
992,Gaylor,Meneer
993,Julita,Ritter
994,Thornton,Scarlet
995,Keven,Driver
996,Jacklyn,Lambol
997,Alameda,Grigorian
998,Aviva,Showering
999,Justinian,Smallwood
1000,Timmy,Kaminski
